{
    "theme": {
        "colors": {
            "primary": "oklch(0.49 0.18 265.48)",
            "primary-foreground": "oklch(1 0 0)",
            "secondary": "oklch(0.95 0.01 265)",
            "secondary-foreground": "oklch(0.49 0.18 265.48)",
            "destructive": "oklch(0.577 0.245 27.325)",
            "muted": "oklch(0.95 0.01 265)",
            "muted-foreground": "oklch(0.55 0.05 265)",
            "accent": "oklch(0.9 0.03 265)",
            "accent-foreground": "oklch(0.49 0.18 265.48)",
            "border": "oklch(0.9 0.02 265)",
            "input": "oklch(0.95 0.01 265)",
            "ring": "oklch(0.6 0.15 265)",
            "radius": "0.625rem"
        }
    },
    "components": {
        "Button": {
            "base": "inline-flex items-center justify-center gap-2 whitespace-nowrap rounded-md text-sm font-medium transition-all disabled:pointer-events-none disabled:opacity-50 [&_svg]:pointer-events-none [&_svg:not([class*='size-'])]:size-4 shrink-0 [&_svg]:shrink-0 outline-none focus-visible:border-ring focus-visible:ring-ring/50 focus-visible:ring-[3px] aria-invalid:ring-destructive/20 dark:aria-invalid:ring-destructive/40 aria-invalid:border-destructive",
            "variants": {
                "variant": {
                    "default": "bg-primary text-primary-foreground hover:bg-primary/90",
                    "destructive": "bg-destructive text-white hover:bg-destructive/90 focus-visible:ring-destructive/20 dark:focus-visible:ring-destructive/40 dark:bg-destructive/60",
                    "outline": "border bg-background shadow-xs hover:bg-accent hover:text-accent-foreground dark:bg-input/30 dark:border-input dark:hover:bg-input/50",
                    "secondary": "bg-secondary text-secondary-foreground hover:bg-secondary/80",
                    "ghost": "hover:bg-accent hover:text-accent-foreground dark:hover:bg-accent/50",
                    "link": "text-primary underline-offset-4 hover:underline"
                },
                "size": {
                    "default": "h-9 px-4 py-2 has-[>svg]:px-3",
                    "sm": "h-8 rounded-md gap-1.5 px-3 has-[>svg]:px-2.5",
                    "lg": "h-10 rounded-md px-6 has-[>svg]:px-4",
                    "icon": "size-9",
                    "icon-sm": "size-8",
                    "icon-lg": "size-10"
                }
            },
            "defaultVariants": {
                "variant": "default",
                "size": "default"
            }
        },
        "Badge": {
            "base": "inline-flex items-center justify-center rounded-full border px-2 py-0.5 text-xs font-medium w-fit whitespace-nowrap shrink-0 [&>svg]:size-3 gap-1 [&>svg]:pointer-events-none focus-visible:border-ring focus-visible:ring-ring/50 focus-visible:ring-[3px] aria-invalid:ring-destructive/20 dark:aria-invalid:ring-destructive/40 aria-invalid:border-destructive transition-[color,box-shadow] overflow-hidden",
            "variants": {
                "variant": {
                    "default": "border-transparent bg-primary text-primary-foreground [a&]:hover:bg-primary/90",
                    "secondary": "border-transparent bg-secondary text-secondary-foreground [a&]:hover:bg-secondary/90",
                    "destructive": "border-transparent bg-destructive text-white [a&]:hover:bg-destructive/90 focus-visible:ring-destructive/20 dark:focus-visible:ring-destructive/40 dark:bg-destructive/60",
                    "outline": "text-foreground [a&]:hover:bg-accent [a&]:hover:text-accent-foreground"
                }
            },
            "defaultVariants": {
                "variant": "default"
            }
        },
        "Accordion": {
            "components": {
                "Root": {
                    "base": "",
                    "data-slot": "accordion"
                },
                "Item": {
                    "base": "border-b last:border-b-0",
                    "data-slot": "accordion-item"
                },
                "Trigger": {
                    "base": "focus-visible:border-ring focus-visible:ring-ring/50 flex flex-1 items-start justify-between gap-4 rounded-md py-4 text-left text-sm font-medium transition-all outline-none hover:underline focus-visible:ring-[3px] disabled:pointer-events-none disabled:opacity-50 [&[data-state=open]>svg]:rotate-180",
                    "data-slot": "accordion-trigger"
                },
                "Content": {
                    "base": "data-[state=closed]:animate-accordion-up data-[state=open]:animate-accordion-down overflow-hidden text-sm",
                    "inner": "pt-0 pb-4",
                    "data-slot": "accordion-content"
                }
            }
        },
        "Card": {
            "components": {
                "Root": {
                    "base": "bg-card text-card-foreground flex flex-col gap-6 rounded-xl border py-6 shadow-sm",
                    "data-slot": "card"
                },
                "Header": {
                    "base": "@container/card-header grid auto-rows-min grid-rows-[auto_auto] items-start gap-2 px-6 has-data-[slot=card-action]:grid-cols-[1fr_auto] [.border-b]:pb-6",
                    "data-slot": "card-header"
                },
                "Title": {
                    "base": "leading-none font-semibold",
                    "data-slot": "card-title"
                },
                "Description": {
                    "base": "text-muted-foreground text-sm",
                    "data-slot": "card-description"
                },
                "Action": {
                    "base": "col-start-2 row-span-2 row-start-1 self-start justify-self-end",
                    "data-slot": "card-action"
                },
                "Content": {
                    "base": "px-6",
                    "data-slot": "card-content"
                },
                "Footer": {
                    "base": "flex items-center px-6 [.border-t]:pt-6",
                    "data-slot": "card-footer"
                }
            }
        },
        "Input": {
            "base": "file:text-foreground placeholder:text-muted-foreground selection:bg-primary selection:text-primary-foreground dark:bg-input/30 border-input h-9 w-full min-w-0 rounded-md border bg-transparent px-3 py-1 text-base shadow-xs transition-[color,box-shadow] outline-none file:inline-flex file:h-7 file:border-0 file:bg-transparent file:text-sm file:font-medium disabled:pointer-events-none disabled:cursor-not-allowed disabled:opacity-50 md:text-sm focus-visible:border-ring focus-visible:ring-ring/50 focus-visible:ring-[3px] aria-invalid:ring-destructive/20 dark:aria-invalid:ring-destructive/40 aria-invalid:border-destructive",
            "data-slot": "input"
        },
        "Select": {
            "components": {
                "Root": {
                    "data-slot": "select"
                },
                "Trigger": {
                    "base": "border-input data-[placeholder]:text-muted-foreground [&_svg:not([class*='text-'])]:text-muted-foreground focus-visible:border-ring focus-visible:ring-ring/50 aria-invalid:ring-destructive/20 dark:aria-invalid:ring-destructive/40 aria-invalid:border-destructive dark:bg-input/30 dark:hover:bg-input/50 flex w-fit items-center justify-between gap-2 rounded-md border bg-transparent px-3 py-2 text-sm whitespace-nowrap shadow-xs transition-[color,box-shadow] outline-none focus-visible:ring-[3px] disabled:cursor-not-allowed disabled:opacity-50 data-[size=default]:h-9 data-[size=sm]:h-8 *:data-[slot=select-value]:line-clamp-1 *:data-[slot=select-value]:flex *:data-[slot=select-value]:items-center *:data-[slot=select-value]:gap-2 [&_svg]:pointer-events-none [&_svg]:shrink-0 [&_svg:not([class*='size-'])]:size-4",
                    "data-slot": "select-trigger"
                },
                "Content": {
                    "base": "bg-popover text-popover-foreground data-[state=open]:animate-in data-[state=closed]:animate-out data-[state=closed]:fade-out-0 data-[state=open]:fade-in-0 data-[state=closed]:zoom-out-95 data-[state=open]:zoom-in-95 data-[side=bottom]:slide-in-from-top-2 data-[side=left]:slide-in-from-right-2 data-[side=right]:slide-in-from-left-2 data-[side=top]:slide-in-from-bottom-2 relative z-50 max-h-(--radix-select-content-available-height) min-w-[8rem] origin-(--radix-select-content-transform-origin) overflow-x-hidden overflow-y-auto rounded-md border shadow-md",
                    "data-slot": "select-content"
                },
                "Item": {
                    "base": "focus:bg-accent focus:text-accent-foreground [&_svg:not([class*='text-'])]:text-muted-foreground relative flex w-full cursor-default items-center gap-2 rounded-sm py-1.5 pr-8 pl-2 text-sm outline-hidden select-none data-[disabled]:pointer-events-none data-[disabled]:opacity-50 [&_svg]:pointer-events-none [&_svg]:shrink-0 [&_svg:not([class*='size-'])]:size-4 *:[span]:last:flex *:[span]:last:items-center *:[span]:last:gap-2",
                    "data-slot": "select-item"
                }
            }
        },
        "Tabs": {
            "components": {
                "Root": {
                    "base": "flex flex-col gap-2",
                    "data-slot": "tabs"
                },
                "List": {
                    "base": "bg-muted text-muted-foreground inline-flex h-9 w-fit items-center justify-center rounded-lg p-[3px]",
                    "data-slot": "tabs-list"
                },
                "Trigger": {
                    "base": "data-[state=active]:bg-background dark:data-[state=active]:text-foreground focus-visible:border-ring focus-visible:ring-ring/50 focus-visible:outline-ring dark:data-[state=active]:border-input dark:data-[state=active]:bg-input/30 text-foreground dark:text-muted-foreground inline-flex h-[calc(100%-1px)] flex-1 items-center justify-center gap-1.5 rounded-md border border-transparent px-2 py-1 text-sm font-medium whitespace-nowrap transition-[color,box-shadow] focus-visible:ring-[3px] focus-visible:outline-1 disabled:pointer-events-none disabled:opacity-50 data-[state=active]:shadow-sm [&_svg]:pointer-events-none [&_svg]:shrink-0 [&_svg:not([class*='size-'])]:size-4",
                    "data-slot": "tabs-trigger"
                },
                "Content": {
                    "base": "flex-1 outline-none",
                    "data-slot": "tabs-content"
                }
            }
        },
        "Dialog": {
            "components": {
                "Overlay": {
                    "base": "data-[state=open]:animate-in data-[state=closed]:animate-out data-[state=closed]:fade-out-0 data-[state=open]:fade-in-0 fixed inset-0 z-50 bg-black/50",
                    "data-slot": "dialog-overlay"
                },
                "Content": {
                    "base": "bg-background data-[state=open]:animate-in data-[state=closed]:animate-out data-[state=closed]:fade-out-0 data-[state=open]:fade-in-0 data-[state=closed]:zoom-out-95 data-[state=open]:zoom-in-95 fixed top-[50%] left-[50%] z-50 grid w-full max-w-[calc(100%-2rem)] translate-x-[-50%] translate-y-[-50%] gap-4 rounded-lg border p-6 shadow-lg duration-200 outline-none sm:max-w-lg",
                    "data-slot": "dialog-content"
                }
            }
        },
        "Table": {
            "components": {
                "Root": {
                    "base": "w-full caption-bottom text-sm",
                    "data-slot": "table"
                },
                "Header": {
                    "base": "[&_tr]:border-b",
                    "data-slot": "table-header"
                },
                "Row": {
                    "base": "hover:bg-muted/50 data-[state=selected]:bg-muted border-b transition-colors",
                    "data-slot": "table-row"
                },
                "Head": {
                    "base": "text-foreground h-10 px-2 text-left align-middle font-medium whitespace-nowrap [&:has([role=checkbox])]:pr-0 [&>[role=checkbox]]:translate-y-[2px]",
                    "data-slot": "table-head"
                },
                "Cell": {
                    "base": "p-2 align-middle whitespace-nowrap [&:has([role=checkbox])]:pr-0 [&>[role=checkbox]]:translate-y-[2px]",
                    "data-slot": "table-cell"
                }
            }
        }
    }
}